,City,Country,Lat,Lng,Max Temp,Humidity,Cloudiness,Wind Speed,Current Description
0,Haines Junction,CA,60.7522,-137.5108,-4.03,93,100,0.51,overcast clouds
1,Port Elizabeth,ZA,-33.918,25.5701,22.28,78,75,7.2,broken clouds
2,Tasiilaq,GL,65.6145,-37.6368,-7.91,94,100,5.71,snow
3,Bluff,NZ,-46.6,168.3333,15.7,70,99,3.83,overcast clouds
4,Rikitea,PF,-23.1203,-134.9692,25.14,69,35,3.35,scattered clouds
5,Bambous Virieux,MU,-20.3428,57.7575,25.68,88,75,0.51,broken clouds
6,Kavieng,PG,-2.5744,150.7967,27.63,77,97,1.27,light rain
7,Lazaro Cardenas,MX,17.9583,-102.2,27.96,64,11,4.28,few clouds
8,Samarai,PG,-10.6167,150.6667,27.72,76,70,3.88,broken clouds
9,Havre-Saint-Pierre,CA,50.2334,-63.5986,-8.67,72,100,6.17,overcast clouds
10,Coahuayana,MX,18.7333,-103.6833,30.71,61,57,3.11,broken clouds
11,Husavik,IS,66.0449,-17.3389,-6.05,93,100,4.41,snow
12,Punta Arenas,CL,-53.15,-70.9167,9.06,46,0,9.26,clear sky
13,Victoria,HK,22.2855,114.1577,18.03,83,76,0.89,broken clouds
14,Samarinda,ID,-0.5,117.15,21.78,98,100,1.03,overcast clouds
15,Hasaki,JP,35.7333,140.8333,-2.78,57,98,4.17,overcast clouds
16,Busselton,AU,-33.65,115.3333,12.83,81,1,4.94,clear sky
17,Marfino,RU,55.7028,37.3822,-4.91,85,75,6.0,broken clouds
18,Souillac,MU,-20.5167,57.5167,25.76,88,75,0.51,broken clouds
19,Iqaluit,CA,63.7506,-68.5145,-32.95,74,75,0.0,broken clouds
20,Dutse,NG,11.7594,9.3392,18.68,21,78,4.21,broken clouds
21,Jamestown,US,42.097,-79.2353,-1.23,28,100,4.47,overcast clouds
22,Butaritari,KI,3.0707,172.7902,27.99,77,35,7.44,scattered clouds
23,Mataura,NZ,-46.1927,168.8643,18.05,55,100,1.31,overcast clouds
24,Sitka,US,57.0531,-135.33,3.94,87,100,0.0,overcast clouds
25,Dudinka,RU,69.4058,86.1778,-11.32,88,100,11.46,overcast clouds
26,Ilulissat,GL,69.2167,-51.1,-14.99,56,75,3.09,broken clouds
27,Constitucion,CL,-35.3333,-72.4167,16.89,69,81,8.12,broken clouds
28,Atuona,PF,-9.8,-139.0333,25.93,78,86,9.45,light rain
29,Bredasdorp,ZA,-34.5322,20.0403,16.62,82,44,1.03,scattered clouds
30,Barrow,US,71.2906,-156.7887,-27.99,69,40,2.06,haze
31,Clyde River,CA,70.4692,-68.5914,-21.87,77,75,9.77,haze
32,Mangai,CD,-4.05,19.5333,21.07,98,100,1.07,moderate rain
33,Alofi,NU,-19.0595,-169.9187,28.94,61,44,4.63,scattered clouds
34,Acapulco,MX,16.8634,-99.8901,28.9,65,40,3.6,scattered clouds
35,Saint-Louis,SN,16.3333,-15.0,24.8,18,79,5.56,broken clouds
36,Srednekolymsk,RU,67.45,153.6833,-40.19,98,44,3.09,scattered clouds
37,Onda,ES,39.9667,-0.25,8.36,79,0,2.54,clear sky
38,Hofn,IS,64.2539,-15.2082,-1.8,93,100,3.65,light snow
39,Qui Nhon,VN,13.7667,109.2333,21.55,91,77,3.49,broken clouds
40,Bowen,AU,-20.0167,148.2333,29.2,67,76,3.31,broken clouds
41,Ushuaia,AR,-54.8,-68.3,4.81,70,75,7.72,broken clouds
42,Russkaya Polyana,UA,49.417,31.9201,-2.7,83,23,3.63,few clouds
43,La Paz Centro,NI,12.34,-86.6753,32.92,43,2,3.93,clear sky
44,Mandalgovi,MN,45.7625,106.2708,-13.85,60,0,5.03,clear sky
45,Grand-Santi,GF,4.25,-54.3833,23.59,92,84,1.38,broken clouds
46,Kodiak,US,57.79,-152.4072,-2.27,64,0,2.57,clear sky
47,Verkhnechusovskiye Gorodki,RU,58.1671,57.1086,-17.14,96,99,2.81,overcast clouds
48,Bethel,US,41.3712,-73.414,-0.83,77,100,1.34,overcast clouds
49,Narsaq,GL,60.9167,-46.05,3.12,84,100,3.48,overcast clouds
50,Flinders,AU,-34.5833,150.8552,26.56,81,16,1.34,few clouds
51,Gat,IL,31.61,34.7642,8.0,100,87,2.72,overcast clouds
52,Necochea,AR,-38.5473,-58.7368,19.46,76,91,9.59,overcast clouds
53,Pokhara,NP,28.2333,83.9833,10.73,34,54,1.9,broken clouds
54,Puerto Ayora,EC,-0.7393,-90.3518,28.98,78,100,4.74,overcast clouds
55,Ferrol,ES,43.4832,-8.2369,11.98,76,71,3.04,broken clouds
56,Saint George,US,37.1041,-113.5841,17.42,35,0,0.89,clear sky
57,Vaini,TO,-21.2,-175.2,26.73,82,30,5.76,scattered clouds
58,Cayenne,GF,4.9333,-52.3333,27.02,84,20,3.13,few clouds
59,Mitu,CO,1.1983,-70.1733,26.4,83,60,0.77,broken clouds
60,Smithers,CA,54.7804,-127.1743,0.18,100,100,1.03,light rain and snow
61,Kaeo,NZ,-35.1,173.7833,26.29,61,0,1.74,clear sky
62,Bengkulu,ID,-3.8004,102.2655,23.77,90,61,1.92,broken clouds
63,Santiago Del Estero,AR,-27.7951,-64.2615,43.15,15,1,6.25,clear sky
64,Dauriya,RU,49.9333,116.8667,-31.42,99,18,0.24,few clouds
65,Avarua,CK,-21.2078,-159.775,29.03,79,75,10.29,broken clouds
66,Iracoubo,GF,5.4802,-53.2011,24.82,87,93,5.29,overcast clouds
67,Walvis Bay,NA,-22.9575,14.5053,20.61,83,85,3.09,light rain
68,Ponta Do Sol,PT,32.6667,-17.1,18.35,66,84,8.26,broken clouds
69,Dikson,RU,73.5069,80.5464,-12.4,91,100,11.26,light snow
70,Harper,LR,4.375,-7.7169,26.33,85,5,3.35,clear sky
71,Hermanus,ZA,-34.4187,19.2345,19.39,90,26,2.41,scattered clouds
72,Jimo,CN,36.3897,120.4622,-3.12,86,1,2.0,mist
73,Nikolskoye,RU,59.7035,30.7861,1.94,98,100,6.54,light snow
74,Along,IN,28.1667,94.7667,7.37,66,0,1.32,clear sky
75,Olga,RU,43.7444,135.2892,-13.39,58,28,5.62,scattered clouds
76,Qaanaaq,GL,77.484,-69.3632,-21.93,61,0,3.7,clear sky
77,Biak,ID,-0.9131,122.8766,24.45,85,98,1.89,overcast clouds
78,Kapaa,US,22.0752,-159.319,26.18,73,20,0.89,few clouds
79,Torbay,CA,47.6666,-52.7314,-4.84,70,100,3.13,overcast clouds
80,Vanimo,PG,-2.6741,141.3028,25.71,89,94,1.95,overcast clouds
81,Beringovskiy,RU,63.05,179.3167,-25.92,88,23,8.12,few clouds
82,Harnosand,SE,62.6323,17.9379,0.0,81,96,13.55,light snow
83,Mehamn,NO,71.0357,27.8492,-3.05,86,75,4.12,broken clouds
84,Comodoro Rivadavia,AR,-45.8667,-67.5,13.92,41,20,8.23,few clouds
85,Saint-Augustin,CA,51.226,-58.6502,-17.59,77,52,5.04,broken clouds
86,Fairbanks,US,64.8378,-147.7164,-14.67,84,100,0.0,light snow
87,Albany,US,42.6001,-73.9662,-5.07,52,79,0.45,broken clouds
88,Borovoy,RU,55.4333,86.0833,2.6,87,100,5.0,overcast clouds
89,Faanui,PF,-16.4833,-151.75,26.99,80,100,7.22,light rain
90,Emerald,AU,-23.5333,148.1667,29.08,70,23,4.63,few clouds
91,Saint-Philippe,RE,-21.3585,55.7679,25.77,87,98,3.11,overcast clouds
92,Nizhniy Tagil,RU,57.9194,59.965,-16.87,95,99,2.44,overcast clouds
93,Semirom,IR,31.4167,51.5667,-9.39,89,6,2.61,clear sky
94,Palembang,ID,-2.9167,104.7458,25.05,94,20,1.54,mist
95,Luanda,AO,-8.8368,13.2343,23.9,76,12,4.18,few clouds
96,Aksarka,RU,66.5606,67.7975,-26.73,100,85,2.04,overcast clouds
97,Sal Rei,CV,16.1833,-22.9167,21.31,67,0,2.78,clear sky
98,Broken Hill,AU,-31.95,141.4333,24.35,43,100,6.69,overcast clouds
99,Tazovskiy,RU,67.4667,78.7,-14.43,94,99,5.62,overcast clouds
100,Privas,FR,44.5833,4.5,4.58,65,0,3.07,clear sky
101,Edson,CA,53.5835,-116.4356,-1.92,93,100,1.03,snow
102,Makakilo City,US,21.3469,-158.0858,26.18,62,40,3.09,scattered clouds
103,Sebring,US,27.4956,-81.4409,18.84,64,75,2.68,broken clouds
104,Chokurdakh,RU,70.6333,147.9167,-40.5,99,88,2.97,overcast clouds
105,Kanel,SN,15.4916,-13.1763,28.0,26,0,2.06,clear sky
106,Nusaybin,TR,37.0778,41.2178,1.42,33,2,4.93,clear sky
107,Tuatapere,NZ,-46.1333,167.6833,20.33,51,90,2.86,overcast clouds
108,Touros,BR,-5.1989,-35.4608,27.5,74,59,5.5,broken clouds
109,Muros,ES,42.7762,-9.0603,12.91,93,100,2.45,overcast clouds
110,Payakumbuh,ID,-0.2202,100.6308,20.82,96,99,0.38,overcast clouds
111,Hithadhoo,MV,-0.6,73.0833,26.8,74,99,1.36,light rain
112,Rongcheng,CN,30.634,117.8517,7.74,78,100,0.37,light rain
113,Santa Maria,BR,-29.6842,-53.8069,37.61,30,20,3.09,few clouds
114,Cape Town,ZA,-33.9258,18.4232,20.06,69,0,2.57,clear sky
115,Kavaratti,IN,10.5669,72.642,26.16,70,39,2.28,scattered clouds
116,Lompoc,US,34.6391,-120.4579,22.05,58,100,1.34,overcast clouds
117,Peterhead,GB,57.5058,-1.7981,8.39,71,96,14.04,overcast clouds
118,Linxia,CN,35.6003,103.2064,-3.52,38,0,0.44,clear sky
119,Port Lincoln,AU,-34.7333,135.8667,18.68,74,100,5.03,overcast clouds
120,Yellowknife,CA,62.456,-114.3525,-23.66,83,75,2.57,broken clouds
121,Okato,NZ,-39.2,173.8833,22.46,50,0,3.33,clear sky
122,Shenjiamen,CN,29.9576,122.298,8.05,77,100,3.5,overcast clouds
123,Portland,US,45.5234,-122.6762,10.25,81,75,0.45,broken clouds
124,Hilo,US,19.7297,-155.09,27.36,74,20,4.12,few clouds
125,Mathathane,BW,-22.2687,28.7495,24.92,60,100,3.79,overcast clouds
126,Santo Domingo,DO,18.5001,-69.9886,27.8,72,20,0.89,few clouds
127,Provideniya,RU,64.3833,-173.3,-15.94,60,0,6.0,clear sky
128,Castro,BR,-24.7911,-50.0119,18.65,96,80,2.04,broken clouds
129,Panzos,GT,15.4,-89.6667,29.51,97,95,1.5,overcast clouds
130,Hobart,AU,-42.8794,147.3294,22.84,64,20,1.34,few clouds
131,Yerofey Pavlovich,RU,53.9667,121.9667,-31.02,96,5,1.38,clear sky
132,Port Alfred,ZA,-33.5906,26.891,22.18,91,98,4.99,overcast clouds
133,Naushki,RU,50.3828,106.1056,-28.24,100,39,0.79,scattered clouds
134,Paita,PE,-5.0892,-81.1144,25.31,79,22,8.38,few clouds
135,Angoche,MZ,-16.2325,39.9086,24.78,89,100,2.37,overcast clouds
136,Bontang,ID,0.1333,117.5,24.17,88,100,3.69,overcast clouds
137,Acajutla,SV,13.5928,-89.8275,35.19,63,10,3.02,clear sky
138,Kamenka,RU,51.3223,42.7678,-9.03,100,97,2.89,overcast clouds
139,Lebu,CL,-37.6167,-73.65,14.4,61,75,6.9,broken clouds
140,Ambon,ID,-3.6954,128.1814,25.08,88,40,2.06,scattered clouds
141,Tiksi,RU,71.6872,128.8694,-31.32,98,38,2.87,scattered clouds
142,Isangel,VU,-19.55,169.2667,27.24,63,3,4.1,clear sky
143,Sao Gabriel Da Cachoeira,BR,-0.1303,-67.0892,25.13,95,100,0.35,moderate rain
144,Lerwick,GB,60.1545,-1.1494,9.0,90,100,7.06,overcast clouds
145,Batemans Bay,AU,-35.7167,150.1833,27.33,67,71,2.1,broken clouds
146,Vestmannaeyjar,IS,63.4427,-20.2734,7.42,89,100,8.83,overcast clouds
147,High Rock,BS,26.6208,-78.2833,20.01,87,100,13.78,light rain
148,Nantucket,US,41.2835,-70.0995,-1.1,61,88,6.34,overcast clouds
149,Mont-Dore,NC,-22.2833,166.5833,27.99,99,8,3.67,clear sky
150,Eureka,US,40.8021,-124.1637,15.63,75,49,2.68,scattered clouds
151,Jiayuguan,CN,39.8167,98.3,-4.83,40,97,1.51,overcast clouds
152,Kiboga,UG,0.9161,31.7742,16.7,93,100,0.98,light rain
153,Wenling,CN,28.3669,121.36,7.73,92,100,4.77,light rain
154,Strezhevoy,RU,60.7333,77.5889,-7.01,94,100,8.67,light snow
155,Tautira,PF,-17.7333,-149.15,29.01,78,100,7.11,light rain
156,Hohhot,CN,40.8106,111.6522,-18.84,71,0,2.0,clear sky
157,Tuktoyaktuk,CA,69.4541,-133.0374,-37.0,67,0,2.06,clear sky
158,Kaitangata,NZ,-46.2817,169.8464,20.36,57,98,0.99,overcast clouds
159,Bumba,CD,2.1833,22.4667,21.71,88,95,1.46,overcast clouds
160,Maua,BR,-23.6678,-46.4614,21.31,89,63,1.5,broken clouds
161,New Norfolk,AU,-42.7826,147.0587,22.64,52,11,0.45,few clouds
162,Nome,US,64.5011,-165.4064,-12.96,78,100,0.0,overcast clouds
163,Ribeira Grande,PT,38.5167,-28.7,13.81,60,10,8.38,clear sky
164,Mahebourg,MU,-20.4081,57.7,25.7,88,75,0.51,broken clouds
165,Aklavik,CA,68.2191,-135.0107,-33.54,100,73,2.69,broken clouds
166,Kalmunai,LK,7.4167,81.8167,24.72,84,32,2.68,scattered clouds
167,Kruisfontein,ZA,-34.0033,24.7314,21.05,90,5,2.16,clear sky
168,Miles City,US,46.4083,-105.8406,4.54,65,0,2.06,clear sky
169,Daru,PG,-9.0763,143.2092,26.13,87,88,2.38,overcast clouds
170,Praia,CV,14.9215,-23.5087,21.3,73,20,3.09,few clouds
171,Carutapera,BR,-1.195,-46.02,25.06,88,76,2.75,broken clouds
172,Meiktila,MM,20.8667,95.8667,16.79,89,0,2.74,clear sky
173,Yumen,CN,40.2833,97.2,-6.22,51,81,2.47,broken clouds
174,La Palma,US,33.8464,-118.0467,26.06,30,75,0.45,broken clouds
175,Cidreira,BR,-30.1811,-50.2056,25.06,87,100,4.4,very heavy rain
176,Katsuura,JP,35.1333,140.3,4.06,63,85,3.97,overcast clouds
177,Teya,RU,60.3778,92.6267,-21.8,100,99,1.2,overcast clouds
178,Kyzyl-Suu,KG,42.3414,78.0056,-1.73,53,97,5.01,overcast clouds
179,Xinmin,CN,41.9908,122.8253,-12.86,56,83,4.98,broken clouds
180,Dongying,CN,37.4564,118.4856,-2.3,46,4,2.06,clear sky
181,De Aar,ZA,-30.6497,24.0123,23.03,62,66,4.87,broken clouds
182,Aykhal,RU,66.0,111.5,-26.44,98,85,5.22,overcast clouds
183,Carnarvon,AU,-24.8667,113.6333,22.04,83,100,8.23,overcast clouds
184,Boma,GH,7.0805,-2.1697,23.16,21,84,1.03,broken clouds
185,Kankan,GN,10.3854,-9.3057,26.38,19,100,2.2,overcast clouds
186,Georgetown,MY,5.4112,100.3354,26.61,87,20,2.57,few clouds
187,Poplar Bluff,US,36.757,-90.3929,5.94,49,0,4.63,clear sky
188,Oga,IT,46.4631,10.347,-0.62,87,19,2.09,few clouds
189,Honningsvag,NO,70.9821,25.9704,-5.26,65,100,10.2,overcast clouds
190,Hearst,CA,49.6835,-83.6665,-5.86,94,100,3.24,light snow
191,Celestun,MX,20.8667,-90.4,22.22,51,17,6.57,few clouds
192,Luwuk,ID,-0.9516,122.7875,25.31,87,99,0.77,overcast clouds
193,Tual,ID,-5.6667,132.75,25.51,89,100,4.17,overcast clouds
194,Khatanga,RU,71.9667,102.5,-26.78,92,18,2.58,few clouds
195,Pomabamba,PE,-8.8333,-77.4667,13.85,63,91,2.08,light rain
196,Pisco,PE,-13.7,-76.2167,24.03,73,0,9.26,clear sky
197,Jacareacanga,BR,-6.2222,-57.7528,24.45,92,78,0.16,broken clouds
198,Watertown,US,42.3709,-71.1828,-2.86,52,0,0.89,clear sky
199,Kangaatsiaq,GL,68.3065,-53.4641,-13.04,84,100,1.33,overcast clouds
200,Pontes E Lacerda,BR,-15.2261,-59.3353,28.41,69,56,1.2,broken clouds
201,Zalantun,CN,48.0,122.7167,-23.48,90,36,2.94,scattered clouds
202,Mar Del Plata,AR,-38.0023,-57.5575,25.01,75,100,2.68,light rain
203,Bloomingdale,US,27.8936,-82.2404,18.81,77,100,1.34,overcast clouds
204,Bereda,ES,43.2686,-7.5406,7.71,91,67,0.52,broken clouds
205,Sterling,US,39.0062,-77.4286,-2.01,92,100,4.47,snow
206,Rio Grande,BR,-32.035,-52.0986,24.41,95,99,4.86,moderate rain
207,Karratha,AU,-20.7377,116.8463,26.63,58,12,7.58,few clouds
208,Kismayo,SO,-0.3582,42.5454,25.4,81,76,5.99,broken clouds
209,Qujing,CN,25.4833,103.7833,3.29,99,100,2.97,overcast clouds
210,Ancud,CL,-41.8697,-73.8203,12.35,52,26,5.12,scattered clouds
211,Privolzhsk,RU,57.3808,41.2886,-6.49,91,99,6.03,overcast clouds
212,San Patricio,US,28.017,-97.5169,20.99,14,0,3.35,clear sky
213,San Cristobal,VE,7.7669,-72.225,24.1,43,27,0.26,scattered clouds
214,Nouadhibou,MR,20.931,-17.0347,19.99,60,99,5.14,overcast clouds
215,Asau,RO,46.4333,26.4,-3.49,62,100,3.32,overcast clouds
216,Neutraubling,DE,48.9833,12.2,2.64,91,100,0.89,overcast clouds
217,Bazarnyye Mataki,RU,54.8833,49.9333,-14.14,99,90,3.41,light snow
218,Saskylakh,RU,71.9167,114.0833,-31.54,94,8,5.65,clear sky
219,Bull Savanna,JM,17.8868,-77.5902,25.24,67,0,4.38,clear sky
220,Anadyr,RU,64.75,177.4833,-30.72,76,0,3.0,clear sky
221,Upernavik,GL,72.7868,-56.1549,-27.27,90,3,1.71,clear sky
222,Ust-Kalmanka,RU,52.1207,83.305,3.76,73,100,6.91,overcast clouds
223,Los Llanos De Aridane,ES,28.6585,-17.9182,19.86,42,97,5.81,haze
224,Katwa,IN,23.6399,88.128,12.4,59,0,3.31,clear sky
225,Terrace,CA,54.5163,-128.6035,2.95,100,100,2.57,mist
226,Morro Bay,US,35.3658,-120.8499,22.5,56,49,0.89,scattered clouds
227,Ahipara,NZ,-35.1667,173.1667,22.41,61,1,4.95,clear sky
228,Rorvik,NO,64.8621,11.2373,1.63,61,100,14.52,light snow
229,Filadelfia,US,39.9523,-75.1638,-1.66,73,100,2.68,snow
230,Port-Gentil,GA,-0.7193,8.7815,25.74,84,100,3.96,overcast clouds
231,Leh,IN,34.1667,77.5833,-17.62,70,78,1.7,broken clouds
232,Severo-Kurilsk,RU,50.6789,156.125,-5.13,65,21,2.3,few clouds
233,Sechura,PE,-5.5569,-80.8222,26.07,62,30,9.05,scattered clouds
234,Dancheng,CN,33.6333,115.1833,2.49,82,74,1.56,broken clouds
235,Huanren,CN,41.2647,125.3667,-14.48,87,100,1.06,overcast clouds
236,Warrington,GB,53.3925,-2.5802,7.21,83,20,0.89,few clouds
237,Palmer,US,42.1584,-72.3287,-3.03,49,75,0.0,broken clouds
238,Sassandra,CI,4.95,-6.0833,25.86,88,56,2.11,broken clouds
239,Vao,NC,-22.6667,167.4833,24.48,75,25,7.68,scattered clouds
240,Khasan,RU,42.4308,130.6434,-10.64,59,60,8.27,broken clouds
241,Buala,SB,-8.145,159.5921,28.18,77,95,1.46,overcast clouds
242,Dahra,DZ,36.2546,0.8519,5.66,84,2,1.06,clear sky
243,Cherskiy,RU,68.75,161.3,-37.51,100,12,2.1,few clouds
244,Ouegoa,NC,-20.35,164.4333,27.55,71,84,5.75,broken clouds
245,Sistranda,NO,63.7256,8.834,1.98,68,100,21.62,overcast clouds
246,Cururupu,BR,-1.8283,-44.8683,24.34,88,25,1.47,scattered clouds
247,Bilibino,RU,68.0546,166.4372,-28.52,85,12,1.51,few clouds
248,Marrakesh,MA,31.6315,-8.0083,13.04,38,0,2.57,clear sky
249,Leawood,US,38.9667,-94.6169,1.81,86,0,1.79,clear sky
250,Harrisonburg,US,38.4496,-78.8689,-4.61,86,100,0.45,snow
251,Igarka,RU,67.4667,86.5833,-12.0,92,100,8.98,overcast clouds
252,Soc Trang,VN,9.6033,105.98,21.98,84,31,4.86,scattered clouds
253,Grimshaw,CA,56.1834,-117.6027,0.01,80,100,2.06,snow
254,Westport,US,41.1415,-73.3579,1.11,77,100,0.45,overcast clouds
255,Hay River,CA,60.8156,-115.7999,-21.01,77,75,1.54,broken clouds
256,Ginir,ET,7.1333,40.7,16.18,60,94,1.56,overcast clouds
257,Poronaysk,RU,49.2167,143.1167,-13.62,96,96,2.74,overcast clouds
258,Adwa,ET,14.1646,38.8955,16.07,59,25,1.37,scattered clouds
259,East London,ZA,-33.0153,27.9116,23.93,88,37,1.44,scattered clouds
260,Lorengau,PG,-2.0226,147.2712,27.89,79,95,1.47,overcast clouds
261,Longyearbyen,SJ,78.2186,15.6401,-13.09,72,75,5.14,broken clouds
262,Iraucuba,BR,-3.7461,-39.7833,26.09,75,85,1.62,overcast clouds
263,Zhigansk,RU,66.7697,123.3711,-45.45,100,64,1.92,broken clouds
264,Arraial Do Cabo,BR,-22.9661,-42.0278,24.98,78,0,9.77,clear sky
265,Nizhniy Kuranakh,RU,58.8353,125.4869,-39.03,99,98,1.06,overcast clouds
266,Lavrentiya,RU,65.5833,-171.0,-26.04,94,82,4.1,broken clouds
267,Tessalit,ML,20.1986,1.0114,15.64,20,47,4.91,scattered clouds
268,Leningradskiy,RU,69.3833,178.4167,-32.53,96,25,2.09,scattered clouds
269,Mandurah,AU,-32.55,115.7,18.45,65,13,4.6,few clouds
270,Vila Velha,BR,-20.3297,-40.2925,26.08,84,40,1.34,scattered clouds
271,Nanortalik,GL,60.1432,-45.2371,-3.01,74,100,9.46,overcast clouds
272,Salalah,OM,17.0151,54.0924,22.05,68,20,1.03,few clouds
273,Naustdal,NO,61.509,5.7168,1.92,81,100,8.55,snow
274,Gamba,GA,-2.65,10.0,24.13,91,92,2.32,overcast clouds
275,Krutikha,RU,53.9599,81.2093,2.15,91,96,6.81,overcast clouds
276,Nezhinka,RU,51.7676,55.3694,-6.91,79,100,4.0,overcast clouds
277,Kudahuvadhoo,MV,2.6708,72.8944,27.27,78,100,3.42,overcast clouds
278,Saldanha,ZA,-33.0117,17.9442,19.03,91,45,3.25,scattered clouds
279,Senador Guiomard,BR,-10.1522,-67.7392,29.86,80,48,0.86,scattered clouds
280,Gariaband,IN,20.635,82.0614,14.16,82,0,0.33,clear sky
281,Thompson,CA,55.7435,-97.8558,-20.91,77,100,3.6,overcast clouds
282,Cabo San Lucas,MX,22.8909,-109.9124,28.62,69,20,1.79,few clouds
283,Homer,US,59.6425,-151.5483,-1.07,79,0,2.06,clear sky
284,Half Moon Bay,US,37.4636,-122.4286,20.85,57,40,2.06,haze
285,Airai,TL,-8.9266,125.4092,18.41,82,100,0.83,overcast clouds
286,Lagoa,PT,39.05,-27.9833,13.33,55,68,6.57,broken clouds
287,Gao,ML,16.6362,1.637,16.23,21,22,6.24,few clouds
288,Destin,US,30.3935,-86.4958,8.0,68,100,4.63,overcast clouds
289,Lensk,RU,60.7253,114.9278,-34.53,100,16,1.52,few clouds
290,Canon City,US,38.441,-105.2424,16.36,11,0,0.89,clear sky
291,Grand Gaube,MU,-20.0064,57.6608,25.77,84,13,2.0,few clouds
292,Broome,US,42.2506,-75.833,-3.42,58,0,0.89,clear sky
293,Hamilton,US,39.1834,-84.5333,0.59,80,100,0.89,overcast clouds
294,Baykit,RU,61.67,96.37,-25.13,100,68,1.01,broken clouds
295,Sierra Vista,US,31.5545,-110.3037,20.52,16,0,0.0,clear sky
296,Paracuru,BR,-3.41,-39.0306,26.01,78,13,4.72,few clouds
297,Buchanan,LR,5.8808,-10.0467,25.98,84,89,1.81,overcast clouds
298,Port Hawkesbury,CA,45.6169,-61.3485,-8.56,86,40,2.24,scattered clouds
299,Elko,US,41.0002,-115.5012,4.01,58,6,1.26,clear sky
300,Avera,US,33.194,-82.5271,7.38,96,97,6.09,light rain
301,Nanchang,CN,28.6833,115.8833,7.78,92,100,2.92,light rain
302,Springbok,ZA,-29.6643,17.8865,17.3,78,9,2.1,clear sky
303,Vostok,RU,46.4856,135.8833,-19.25,99,100,1.08,light snow
304,Alta Floresta,BR,-9.8756,-56.0861,22.8,91,69,0.65,broken clouds
305,Viedma,AR,-40.8135,-62.9967,18.88,27,1,4.5,clear sky
306,Geraldton,AU,-28.7667,114.6,18.23,88,19,2.06,few clouds
307,Slave Lake,CA,55.2834,-114.769,-0.01,74,100,1.54,overcast clouds
308,Fenyi,CN,27.8112,114.6681,7.85,98,100,0.49,light rain
309,Huarmey,PE,-10.0681,-78.1522,23.4,76,54,4.34,broken clouds
310,Lampa,CL,-33.2833,-70.9,21.64,49,20,8.75,few clouds
311,Winnemucca,US,40.973,-117.7357,8.03,49,0,1.54,clear sky
312,Egvekinot,RU,66.3167,-179.1667,-26.91,87,8,4.84,clear sky
313,Cabedelo,BR,-6.9811,-34.8339,27.37,75,89,4.99,overcast clouds
314,Vitim,RU,59.4511,112.5578,-33.06,99,19,1.02,few clouds
315,San Jeronimo,PE,-11.9472,-75.2829,13.27,71,85,1.8,overcast clouds
316,Dunedin,NZ,-45.8742,170.5036,20.45,70,100,3.58,overcast clouds
317,Tolbazy,RU,54.0241,55.8825,-11.58,93,100,5.29,overcast clouds
318,Sao Joao Da Barra,BR,-21.6403,-41.0511,24.41,84,75,5.58,broken clouds
319,Gualaquiza,EC,-3.4,-78.55,19.56,93,96,0.36,light rain
320,Beyneu,KZ,45.3167,55.2,-2.95,92,39,4.57,scattered clouds
321,Stokmarknes,NO,68.5646,14.9108,0.83,93,75,3.09,broken clouds
322,Hami,CN,42.8,93.45,-4.14,49,0,0.36,clear sky
323,Wahiawa,US,21.5028,-158.0236,25.44,60,20,3.09,few clouds
324,San Juan,AR,-31.5375,-68.5364,33.72,17,0,6.56,clear sky
325,Caravelas,BR,-17.7125,-39.2481,25.01,84,1,3.31,clear sky
326,Kostomuksha,RU,64.571,30.5767,-4.6,78,100,6.79,overcast clouds
327,Lichuan,CN,30.3,108.85,2.39,92,100,0.85,overcast clouds
328,Mulanje,MW,-16.0316,35.5,20.32,81,100,1.95,overcast clouds
329,Hilton Head Island,US,32.2163,-80.7526,14.06,58,3,0.89,clear sky
330,Stornoway,GB,58.2093,-6.3865,8.29,88,100,4.47,overcast clouds
331,Maracacume,BR,-2.0428,-45.9592,23.28,95,99,1.62,overcast clouds
332,Sale,MA,34.0389,-6.8166,10.97,100,3,0.0,clear sky
333,Sao Filipe,CV,14.8961,-24.4956,21.95,71,0,1.62,clear sky
334,Menongue,AO,-14.6585,17.691,19.94,37,99,0.53,overcast clouds
335,Altay,CN,47.8667,88.1167,-2.72,70,76,3.32,broken clouds
336,Ellensburg,US,46.9965,-120.5479,1.76,80,100,1.54,overcast clouds
337,Chara,RU,56.9064,118.2631,-35.29,78,20,0.75,few clouds
338,Havoysund,NO,70.9963,24.6622,-3.51,68,100,9.87,overcast clouds
339,Kahului,US,20.8947,-156.47,29.59,69,20,5.14,few clouds
340,Adrar,MR,20.5022,-10.0711,17.5,16,100,8.54,overcast clouds
341,Goderich,CA,43.7501,-81.7165,-4.49,63,5,2.57,clear sky
342,Severo-Yeniseyskiy,RU,60.3725,93.0408,-22.37,100,94,1.66,overcast clouds
343,Henties Bay,NA,-22.116,14.2845,20.48,86,87,2.87,overcast clouds
344,Cairns,AU,-16.9167,145.7667,29.5,83,65,1.54,broken clouds
345,Isla Vista,US,34.4133,-119.861,22.41,44,100,4.63,overcast clouds
346,Kenai,US,60.5544,-151.2583,-7.95,88,0,3.09,clear sky
347,Praya,CV,14.9215,-23.5087,21.3,73,20,3.09,few clouds
348,Pevek,RU,69.7008,170.3133,-32.01,96,39,0.87,scattered clouds
349,Northam,GB,51.0333,-4.2167,6.45,76,13,3.18,few clouds
350,Kloulklubed,PW,7.0419,134.2556,26.28,78,99,6.7,overcast clouds
351,Talnakh,RU,69.4865,88.3972,-11.55,87,100,7.79,overcast clouds
352,Mount Gambier,AU,-37.8333,140.7667,17.95,72,75,6.17,broken clouds
353,La Ronge,CA,55.1001,-105.2842,-12.86,92,100,2.57,mist
354,Coracora,PE,-15.0333,-73.7833,10.53,90,98,2.74,overcast clouds
355,Road Town,VG,18.4167,-64.6167,27.05,83,40,4.12,scattered clouds
356,Margate,GB,51.3813,1.3862,6.84,91,85,0.89,overcast clouds
357,Waddan,LY,29.1614,16.139,9.12,84,39,2.68,scattered clouds
358,Alyangula,AU,-13.8483,136.4192,28.93,94,74,0.51,broken clouds
359,Kattivakkam,IN,13.2167,80.3167,27.26,83,99,4.64,overcast clouds
360,Rabaul,PG,-4.1967,152.1721,27.75,72,100,0.29,overcast clouds
361,Herat,AF,34.5,62.0,7.55,80,100,6.13,overcast clouds
362,Yar-Sale,RU,66.8333,70.8333,-21.44,100,62,2.46,broken clouds
363,Markova,UA,48.6758,24.4138,-2.9,73,100,2.61,overcast clouds
364,Svobodnyy,RU,51.4,128.1333,-19.92,94,100,4.86,overcast clouds
365,Komsomolskiy,UZ,40.4272,71.7189,5.68,64,96,2.06,haze
366,Ikwiriri,TZ,-7.9562,38.9716,23.87,92,100,1.58,overcast clouds
367,Belaya Gora,RU,68.5333,146.4167,-45.28,100,63,1.68,broken clouds
368,Sesheke,ZM,-17.4759,24.2968,19.18,54,85,0.77,overcast clouds
369,Sola,VU,-13.8833,167.55,28.04,74,50,2.45,scattered clouds
370,Mombetsu,JP,44.3525,143.3525,-2.33,96,100,2.96,snow
371,Sabang,ID,5.8933,95.3214,27.47,75,81,6.75,broken clouds
372,Yichang,CN,30.7144,111.2847,7.12,68,100,1.2,overcast clouds
373,Krizevci,HR,46.0219,16.5425,0.45,86,24,0.92,few clouds
374,Portales,US,34.1862,-103.3344,19.07,11,0,3.15,clear sky
375,Kulhudhuffushi,MV,6.6221,73.07,27.18,71,25,1.42,scattered clouds
376,Arman,RU,59.7,150.1667,-21.68,79,1,4.02,clear sky
377,Sorrento,IT,40.626,14.3744,12.37,88,75,1.54,broken clouds
378,Tiarei,PF,-17.5333,-149.3333,29.01,81,100,7.49,light rain
379,Carndonagh,IE,55.25,-7.2667,5.05,88,47,2.58,scattered clouds
380,Kem,RU,64.9555,34.5793,-1.11,95,100,6.41,light snow
381,San-Pedro,CI,4.7485,-6.6363,26.08,88,20,2.19,few clouds
382,Shimoda,JP,34.6667,138.95,6.72,65,74,11.1,broken clouds
383,Verkhnetulomskiy,RU,68.6073,31.7962,-6.93,95,100,4.39,snow
384,Esperance,AU,-33.8667,121.9,16.91,63,48,6.82,scattered clouds
385,Pasighat,IN,28.0667,95.3333,11.9,65,3,1.83,clear sky
386,Quelimane,MZ,-17.8786,36.8883,25.97,89,40,0.0,scattered clouds
387,Pacific Grove,US,36.6177,-121.9166,21.3,46,80,2.68,broken clouds
388,Panlaitan,PH,12.1191,119.8486,25.63,68,100,5.42,overcast clouds
389,San Quintin,MX,30.4833,-115.95,18.48,62,88,4.22,overcast clouds
390,Brae,GB,60.3964,-1.353,7.95,95,100,8.0,overcast clouds
391,Dogondoutchi,NE,13.6393,4.0287,20.14,19,1,4.41,clear sky
392,Dubti,ET,11.7361,41.0853,27.44,58,62,4.2,broken clouds
393,Kirakira,SB,-10.4544,161.9205,29.52,75,73,3.11,broken clouds
394,Bougouni,ML,11.417,-7.479,25.93,20,100,3.39,overcast clouds
395,Narodychi,UA,51.2029,29.0823,-1.52,79,90,6.0,overcast clouds
396,Noumea,NC,-22.2763,166.4572,27.99,99,3,5.29,clear sky
397,Mackay,AU,-21.15,149.2,30.38,74,82,2.57,broken clouds
398,Coihaique,CL,-45.5752,-72.0662,12.97,44,20,3.09,few clouds
399,Paamiut,GL,61.994,-49.6678,-1.4,90,100,13.59,light snow
400,Nandgaon,IN,20.3167,74.65,17.66,63,34,1.01,scattered clouds
401,Xichang,CN,27.8964,102.2634,3.83,95,100,1.96,overcast clouds
402,Sarh,TD,9.1429,18.3923,22.95,28,0,0.0,clear sky
403,Tezu,IN,27.9167,96.1667,12.43,51,20,1.82,few clouds
404,Kanungu,UG,-0.9575,29.7897,15.29,93,100,0.7,light rain
405,Svetlogorsk,BY,52.6333,29.7333,-1.82,80,96,6.17,overcast clouds
406,Kunashak,RU,55.7032,61.5498,-11.71,48,97,6.22,overcast clouds
407,Ambulu,ID,-8.345,113.6058,25.22,86,97,0.88,overcast clouds
408,Fort Nelson,CA,58.8053,-122.7002,-16.23,85,100,3.09,light snow
409,Vendas Novas,PT,38.6771,-8.4579,11.34,82,57,2.24,broken clouds
410,Dingle,PH,10.9995,122.6711,22.5,92,99,4.33,overcast clouds
411,Gasa,PS,31.5,34.4667,7.32,67,99,4.09,overcast clouds
412,Coquimbo,CL,-29.9533,-71.3436,20.85,64,0,4.63,clear sky
413,Abnub,EG,27.2696,31.1511,10.12,56,100,5.06,overcast clouds
414,Pombia,IT,45.653,8.6336,7.25,70,0,2.57,clear sky
415,Vysokogornyy,RU,50.1167,139.15,-16.17,98,99,1.13,overcast clouds
416,High Level,CA,58.5169,-117.136,-13.94,92,100,3.09,light snow
417,Nizwa,OM,22.9333,57.5333,16.61,84,29,1.37,scattered clouds
418,Tikrit,IQ,34.6071,43.6782,7.27,80,56,1.68,broken clouds
419,Jaitaran,IN,26.2031,73.9364,11.18,59,1,3.78,clear sky
420,Kalpi,IN,26.1167,79.7333,7.1,50,0,1.73,clear sky
421,Atbasar,KZ,51.8,68.3333,-13.35,89,87,8.7,overcast clouds
422,Norman Wells,CA,65.282,-126.8329,-32.98,68,20,2.06,few clouds
423,Dourados,BR,-22.2211,-54.8056,30.91,29,65,4.43,broken clouds
424,Pontianak,ID,-0.0333,109.3333,23.44,96,79,1.32,heavy intensity rain
425,Phek,IN,25.6667,94.5,1.25,96,10,0.81,clear sky
426,Sidrolandia,BR,-20.9319,-54.9614,31.44,40,50,4.11,scattered clouds
427,Vestmanna,FO,62.1564,-7.1664,1.51,93,100,4.63,overcast clouds
428,Korla,CN,41.7597,86.1469,-4.77,54,0,1.59,clear sky
429,Belen,TR,36.4891,36.2233,-0.92,52,0,3.6,clear sky
430,Rantauprapat,ID,2.1,99.8333,22.35,97,40,0.91,scattered clouds
431,Halifax,CA,44.6453,-63.5724,-6.97,76,7,2.57,clear sky
432,Port Hueneme,US,34.1478,-119.1951,24.63,36,75,3.6,broken clouds
433,Gairo,IT,39.8497,9.5047,4.56,70,0,3.13,clear sky
434,Hovd,MN,48.0056,91.6419,-16.02,81,90,1.86,overcast clouds
435,Ritchie,ZA,-29.038,24.6028,19.56,60,28,2.29,scattered clouds
436,Demerval Lobao,BR,-5.3583,-42.6764,26.67,78,75,0.58,broken clouds
437,Nadym,RU,65.5333,72.5167,-11.58,95,100,4.43,light snow
438,Chuy,UY,-33.6971,-53.4616,23.71,90,83,3.61,broken clouds
439,Omboue,GA,-1.5746,9.2618,24.55,90,100,2.76,light rain
440,Mazatlan,MX,23.2167,-106.4167,26.98,87,100,0.89,overcast clouds
441,Masvingo,ZW,-20.0637,30.8277,19.23,79,100,1.56,overcast clouds
442,Quatre Cocos,MU,-20.2078,57.7625,25.61,83,21,1.98,few clouds
443,Amasya,TR,40.6667,35.8333,-4.18,89,57,0.66,broken clouds
444,Porto Novo,BJ,6.4965,2.6036,26.9,81,94,2.41,overcast clouds
445,Sun Valley,US,39.5963,-119.776,13.72,49,40,0.45,scattered clouds
446,Cerrito,CO,6.8432,-72.694,13.66,87,99,1.92,overcast clouds
447,Grande Prairie,CA,55.1667,-118.8027,-1.9,93,100,0.0,overcast clouds
448,Ojinaga,MX,29.5667,-104.4167,17.54,20,0,2.57,clear sky
449,Bagdarin,RU,54.4333,113.6,-31.31,99,28,1.01,scattered clouds
450,Hunchun,CN,42.8675,130.3581,-15.11,76,26,2.77,scattered clouds
451,Roswell,US,34.0232,-84.3616,1.59,94,100,3.09,snow
452,Inhambane,MZ,-23.865,35.3833,24.69,70,80,4.15,broken clouds
453,Porbandar,IN,21.6422,69.6093,19.34,52,1,5.51,clear sky
454,Neftekamsk,RU,56.092,54.2703,-11.0,93,100,4.74,light snow
455,Vardo,NO,70.3705,31.1107,-3.01,68,75,11.83,broken clouds
456,Pindamonhangaba,BR,-22.9239,-45.4617,24.49,97,74,1.84,light rain
457,Kajaani,FI,64.2273,27.7285,-3.97,68,0,8.23,clear sky
458,Baherden,TM,38.4362,57.4316,2.22,88,30,0.34,scattered clouds
459,Kupang,ID,-10.1667,123.5833,27.34,82,98,3.52,moderate rain
460,Visby,SE,57.6409,18.296,4.47,87,100,9.26,overcast clouds
461,Coihueco,CL,-36.6167,-71.8333,21.41,35,40,7.2,scattered clouds
462,Zwedru,LR,6.0667,-8.1281,24.96,81,99,1.0,light rain
463,Vila Franca Do Campo,PT,37.7167,-25.4333,14.23,74,27,5.44,scattered clouds
464,Dukat,RU,62.55,155.55,-30.71,85,1,0.76,clear sky
465,Nago,JP,26.5881,127.9761,17.04,89,100,7.35,light rain
466,Namatanai,PG,-3.6667,152.4333,28.25,73,100,1.37,light rain
467,Starodub,RU,52.5844,32.7633,-4.92,94,51,5.91,broken clouds
468,Namibe,AO,-15.1961,12.1522,20.06,78,55,2.0,broken clouds
469,Nemuro,JP,43.3236,145.575,0.17,98,100,8.51,snow
470,Rosarito,MX,32.3333,-117.0333,22.45,62,96,2.11,overcast clouds
471,Kayes,ML,14.0,-11.0,29.12,16,100,6.26,overcast clouds
472,Sorong,ID,-0.8833,131.25,24.53,86,100,1.36,light rain
473,Ulaangom,MN,49.9811,92.0667,-22.59,97,100,0.79,overcast clouds
474,Verkhoyansk,RU,67.5447,133.385,-42.83,100,83,0.47,broken clouds
475,Poum,NC,-20.2333,164.0167,27.38,72,91,6.8,overcast clouds
476,Ongandjera,NA,-17.8833,15.0667,20.86,33,28,4.77,scattered clouds
477,Yaan,NG,7.3833,8.5667,29.39,22,100,2.12,overcast clouds
478,Sao Felix Do Xingu,BR,-6.6447,-51.995,22.13,97,56,0.48,broken clouds
479,Bukene,TZ,-4.2333,32.8833,17.74,91,100,2.71,overcast clouds
480,Fiumicino,IT,41.7675,12.2291,10.52,89,20,2.57,few clouds
481,Fonte Boa,BR,-2.4959,-66.2662,24.57,90,100,0.96,overcast clouds
482,Okhotsk,RU,59.3833,143.3,-24.64,80,1,4.62,clear sky
483,Lithakia,GR,37.7167,20.8333,10.88,82,100,4.92,overcast clouds
484,Brokopondo,SR,4.75,-55.1667,24.54,89,69,4.16,broken clouds
485,Laguna,US,38.421,-121.4238,19.13,67,0,0.89,clear sky
486,Sakakah,SA,29.9697,40.2064,8.76,72,16,1.52,few clouds
487,Baft,IR,29.234,56.6057,3.68,96,64,7.36,broken clouds
488,Rizhao,CN,35.4275,119.4553,-0.18,70,13,1.99,few clouds
489,Charters Towers,AU,-20.1,146.2667,31.75,48,33,4.67,scattered clouds
490,Mega,ET,4.05,38.3,20.1,56,100,2.41,overcast clouds
491,Pacifica,US,37.6138,-122.4869,19.66,57,75,0.45,haze
492,Takoradi,GH,4.8845,-1.7554,26.66,81,54,2.97,broken clouds
493,Yulara,AU,-25.2406,130.9889,21.91,100,100,7.2,overcast clouds
494,Zhangzhou,CN,24.5133,117.6556,14.96,81,93,1.04,overcast clouds
495,Guerrero Negro,MX,27.9769,-114.0611,20.94,38,78,6.17,broken clouds
496,Tahta,EG,26.7693,31.5021,10.06,49,100,4.37,overcast clouds
497,Bereznik,RU,62.8551,42.7072,-4.51,94,100,4.19,light snow
498,Podstepki,RU,53.5151,49.1355,-5.64,97,33,2.75,scattered clouds
499,Birao,CF,10.2849,22.7882,22.04,24,82,1.86,broken clouds
500,Yuzhno-Kurilsk,RU,44.0306,145.8556,-0.39,97,100,3.55,snow
501,Pires Do Rio,BR,-17.2997,-48.2794,22.03,71,87,1.2,overcast clouds
502,Banda Aceh,ID,5.5577,95.3222,24.95,86,57,3.95,broken clouds
503,Juneau,US,58.3019,-134.4197,3.8,97,100,0.0,light rain
504,Port Blair,IN,11.6667,92.75,25.58,71,68,4.54,broken clouds
505,Santa Isabel Do Rio Negro,BR,-0.4139,-65.0192,23.99,95,94,0.47,overcast clouds
506,Saint-Pierre,RE,-21.3393,55.4781,25.82,79,0,2.06,clear sky
507,Myitkyina,MM,25.3833,97.4,11.43,95,13,1.07,few clouds
508,Stara Vyzhivka,UA,51.4376,24.44,0.6,67,100,8.77,overcast clouds
509,Sakata,JP,38.9167,139.855,3.1,65,75,8.23,broken clouds
510,Mayo,US,38.8876,-76.5119,-1.14,92,100,4.02,snow
511,Polis,CY,35.0367,32.4264,6.9,46,1,4.35,clear sky
512,Codrington,AU,-38.2667,141.9667,18.46,73,100,5.56,overcast clouds
513,Ixtapa,MX,20.7,-105.2,25.57,69,100,4.63,overcast clouds
514,Tibu,CO,8.639,-72.7358,27.38,59,74,0.3,broken clouds
515,Axim,GH,4.8699,-2.2405,26.36,82,50,2.8,scattered clouds
516,Limerick,IE,52.6647,-8.6231,1.97,89,0,1.3,clear sky
517,Svetlyy,RU,54.675,20.1347,3.03,88,100,11.88,overcast clouds
518,Kothapet,IN,19.3333,79.4833,17.0,77,2,2.07,clear sky
519,Kununurra,AU,-15.7667,128.7333,25.99,94,75,0.0,broken clouds
520,Mecca,SA,21.4267,39.8261,16.79,57,1,3.11,clear sky
521,Micheweni,TZ,-4.9667,39.8333,26.53,77,100,2.31,overcast clouds
522,Manado,ID,1.487,124.8455,23.43,94,75,0.51,moderate rain
523,Peniche,PT,39.3558,-9.3811,11.73,83,59,3.8,broken clouds
524,Luderitz,NA,-26.6481,15.1594,20.17,83,0,5.01,clear sky
525,Igrim,RU,63.1906,64.4162,-22.8,100,100,2.57,overcast clouds
526,Pangnirtung,CA,66.1451,-65.7125,-25.49,67,0,2.56,clear sky
527,Chicama,PE,-7.8447,-79.1469,21.3,68,32,3.95,scattered clouds
528,Laela,TZ,-8.5667,32.05,15.41,96,99,1.31,overcast clouds
529,Saravan,AM,39.7196,45.6483,-14.64,78,97,3.07,overcast clouds
530,Port Hardy,CA,50.6996,-127.4199,8.2,100,100,6.17,light rain
531,Antalaha,MG,-14.9003,50.2788,23.89,86,97,1.71,overcast clouds
532,Farah,AF,32.5,62.5,8.19,91,100,1.44,moderate rain
533,Verkhnevilyuysk,RU,63.4453,120.3167,-43.9,100,61,0.51,broken clouds
534,Flin Flon,CA,54.7682,-101.865,-14.09,78,100,2.06,overcast clouds
535,Wanaka,NZ,-44.7,169.15,20.06,48,95,1.34,overcast clouds
536,Ciudad Bolivar,VE,8.1222,-63.5497,28.42,62,94,5.77,overcast clouds
537,Warsaw,PL,52.2298,21.0118,2.03,93,100,1.79,overcast clouds
538,Chalmette,US,29.9427,-89.9634,9.44,66,75,0.45,broken clouds
539,Ruteng,ID,-8.6136,120.4721,18.36,92,100,1.39,overcast clouds
540,Kundiawa,PG,-6.0167,144.9667,20.11,89,99,0.43,overcast clouds
541,Zuwarah,LY,32.9312,12.082,13.36,69,85,4.31,overcast clouds
542,Alausi,EC,-2.2,-78.8333,12.24,75,97,0.5,light rain
543,Kysyl-Syr,RU,63.8986,122.7617,-42.77,100,62,0.69,broken clouds
544,Baiao,BR,-2.7906,-49.6717,26.25,75,100,1.6,overcast clouds
545,Te Anau,NZ,-45.4167,167.7167,17.38,69,85,1.29,overcast clouds
546,Agnibilekrou,CI,7.1344,-3.2047,23.9,21,100,1.25,overcast clouds
547,Porto Torres,IT,40.835,8.3972,8.94,75,0,3.61,clear sky
548,Erzin,TR,36.9559,36.2,3.29,46,0,2.86,clear sky
549,Rakitovo,BG,41.9833,24.0833,-7.19,60,5,2.89,clear sky
550,Sorland,NO,67.667,12.6934,-0.96,66,100,13.64,snow
551,Straumen,NO,63.8709,11.2999,2.0,82,99,14.15,moderate rain
552,Kampot,KH,10.6167,104.1833,23.03,83,59,1.02,broken clouds
553,Hatillo,PR,18.4863,-66.8254,26.88,82,16,0.89,few clouds
554,Iwanai,JP,42.9744,140.5089,-0.47,93,100,7.26,snow
555,Taga,RO,46.95,24.05,-4.82,92,100,0.6,overcast clouds
556,Richards Bay,ZA,-28.783,32.0377,23.06,88,100,2.75,light rain
557,Syracuse,IT,37.0881,15.2792,9.94,68,0,2.54,clear sky
558,Faya,SA,18.3851,42.4509,13.29,91,40,2.53,scattered clouds
559,Shingu,JP,33.7333,135.9833,8.28,67,99,3.39,overcast clouds
560,Graaff-Reinet,ZA,-32.2522,24.5308,19.96,82,74,2.83,broken clouds
561,Miraflores,MX,19.2167,-98.8083,18.23,65,54,2.29,broken clouds
562,Aquiraz,BR,-3.9014,-38.3911,26.79,80,19,3.44,few clouds
563,Seon,CH,47.3449,8.1561,1.54,95,82,1.1,broken clouds
564,Riyadh,SA,24.6877,46.7219,12.08,30,0,2.28,clear sky
565,Abeche,TD,13.8292,20.8324,18.66,23,7,4.87,clear sky
566,Shelopugino,RU,51.6514,117.5599,-33.81,100,93,1.06,overcast clouds
567,Ko Samui,TH,9.5357,99.9357,26.68,72,72,4.33,broken clouds
568,Salamiyah,SY,35.0113,37.0532,0.86,49,0,1.94,clear sky
569,Havelock,US,34.8791,-76.9013,17.97,94,100,5.81,heavy intensity rain
570,Ocos,GT,14.5094,-92.1933,31.28,64,1,3.22,clear sky
571,Pozo Colorado,PY,-23.4923,-58.7972,37.83,22,27,4.64,scattered clouds
572,Balabac,PH,7.9868,117.0645,27.1,76,98,7.73,overcast clouds
573,Chumikan,RU,54.7183,135.315,-20.92,87,100,1.36,overcast clouds
574,Taltal,CL,-25.4,-70.4833,20.77,77,5,2.91,clear sky
575,Erenhot,CN,43.6475,111.9767,-12.96,50,0,4.18,clear sky
576,Yarmouth,US,41.7057,-70.2286,-1.97,79,0,2.24,clear sky
577,Ketchikan,US,55.3422,-131.6461,3.99,100,100,2.57,mist
578,Pangai,TO,-19.8,-174.35,27.8,78,42,3.58,scattered clouds
579,Paka,MY,4.6374,103.4368,25.96,89,96,1.54,overcast clouds
580,Manitouwadge,CA,49.1215,-85.8403,-3.6,97,100,1.41,light snow
581,Roald,NO,62.5833,6.1333,2.41,86,75,10.8,light snow
582,Bela,IN,25.9333,81.9833,7.08,55,0,1.94,clear sky
583,Pitsunda,GE,43.1592,40.3378,-1.9,60,20,3.18,few clouds
584,Staraya Poltavka,RU,50.4772,46.4814,-13.75,95,12,3.32,light snow
585,Nampula,MZ,-15.1165,39.2666,22.97,94,100,1.54,overcast clouds
586,Sumenep,ID,-7.0167,113.8667,24.92,88,100,4.82,overcast clouds
587,Mehran,IR,33.1222,46.1646,7.71,56,100,4.21,overcast clouds
588,Turukhansk,RU,65.8167,87.9833,-13.94,86,100,6.32,overcast clouds
589,Nurobod,UZ,40.9056,69.8023,7.47,86,100,0.46,overcast clouds
590,Deputatskiy,RU,69.3,139.9,-37.22,98,20,1.99,few clouds
591,Naryan-Mar,RU,67.6713,53.087,-20.79,100,60,3.86,broken clouds
592,Del Rio,US,29.3627,-100.8968,22.06,9,0,2.06,clear sky
593,Yerbogachen,RU,61.2767,108.0108,-28.39,99,27,2.14,scattered clouds
594,Hobyo,SO,5.3505,48.5268,24.91,75,99,6.27,overcast clouds
595,Carlyle,US,38.6103,-89.3726,0.22,69,54,1.34,broken clouds
596,Wum,CM,6.3833,10.0667,20.29,27,92,1.18,overcast clouds
597,Codajas,BR,-3.8367,-62.0569,25.65,83,96,0.75,light rain
598,Padang,ID,-0.9492,100.3543,24.82,86,60,1.85,broken clouds
599,Palu,ID,-0.8917,119.8707,23.8,90,100,0.96,light rain
600,Nandurbar,IN,21.3667,74.25,18.62,62,4,2.92,clear sky
601,Buraydah,SA,26.326,43.975,9.25,30,0,3.41,clear sky
602,Dire,ML,12.2833,-10.9667,27.55,20,96,1.51,overcast clouds
603,Posse,BR,-14.0931,-46.3694,21.71,80,80,1.17,broken clouds
604,Grenfell,AU,-33.9,148.1667,27.82,45,73,2.32,broken clouds
605,Ilo,PE,-17.6394,-71.3375,21.85,83,87,1.8,overcast clouds
606,Tubajon,PH,10.3317,125.5619,25.14,81,65,6.32,broken clouds
607,Evensk,RU,61.95,159.2333,-15.66,63,0,5.03,clear sky
608,Black River,JM,18.0264,-77.8487,27.21,76,6,3.94,clear sky
609,Shubarkuduk,KZ,49.1447,56.4872,-5.69,93,98,4.81,overcast clouds
610,Rusape,ZW,-18.5278,32.1284,17.51,83,71,0.81,broken clouds
611,Antofagasta,CL,-23.65,-70.4,22.34,49,5,2.69,clear sky
612,Chornukhy,UA,50.2673,32.942,-2.28,85,20,4.57,few clouds
613,Solnechnyy,RU,50.7214,136.6319,-15.78,93,100,3.1,overcast clouds
614,Itaituba,BR,-4.2761,-55.9836,31.09,62,40,2.57,scattered clouds
615,Pell City,US,33.5862,-86.2861,4.3,94,100,2.57,overcast clouds
616,Plavinas,LV,56.6178,25.7255,0.71,96,100,6.6,light snow
617,Cordoba,AR,-31.4135,-64.1811,30.89,58,40,2.24,scattered clouds
618,Mount Isa,AU,-20.7333,139.5,30.87,45,100,6.69,overcast clouds
619,Madang,PG,-5.2246,145.7966,26.98,83,98,1.92,overcast clouds
620,Rocha,UY,-34.4833,-54.3333,23.83,87,63,3.99,broken clouds
621,Sur,OM,22.5667,59.5289,20.88,77,0,5.35,clear sky
622,Katobu,ID,-4.9408,122.5276,25.0,91,100,1.15,overcast clouds
623,Sao Mateus,BR,-18.7161,-39.8589,24.31,86,73,2.8,broken clouds
624,The Valley,AI,18.217,-63.0578,26.08,73,20,5.66,few clouds
625,Manggar,ID,-2.8833,108.2667,25.36,89,93,3.89,overcast clouds
626,Canutama,BR,-6.5339,-64.3831,24.51,93,100,0.74,moderate rain
627,Taoudenni,ML,22.6783,-3.9836,14.03,29,18,6.12,few clouds
628,Irtyshskiy,RU,58.3333,68.1333,-3.97,95,100,5.41,light snow
629,Ziarat,PK,30.3823,67.7282,1.19,90,100,0.52,snow
630,Mapiripan,CO,2.8892,-72.1256,26.42,69,100,1.69,overcast clouds
631,Neiafu,TO,-18.65,-173.9833,27.85,78,83,3.2,light rain
632,Kutum,SD,14.2,24.6667,15.44,28,2,3.85,clear sky
633,Bonfim,BR,3.0833,-59.95,29.92,53,75,3.36,broken clouds
634,Haldensleben,DE,52.2891,11.4098,6.96,91,100,7.99,overcast clouds
635,Bratslav,UA,48.8226,28.9407,-1.82,73,57,3.73,broken clouds
636,Bemidji,US,47.4736,-94.8803,-3.38,87,100,6.17,overcast clouds
637,Naze,JP,28.3667,129.4833,12.51,75,100,7.95,overcast clouds
638,Manono,CD,-7.3,27.4167,18.19,96,92,0.51,overcast clouds
639,Xiaolingwei,CN,32.0333,118.85,3.99,77,100,2.15,overcast clouds
640,Porto Velho,BR,-8.7619,-63.9039,25.03,94,40,1.03,scattered clouds
641,Capoterra,IT,39.1763,8.9718,6.97,83,20,4.63,few clouds
642,Pochutla,MX,15.7432,-96.4661,29.9,64,29,2.73,scattered clouds
643,Girne,CY,35.3417,33.3167,7.97,50,7,7.66,clear sky
644,Olinda,BR,-8.0089,-34.8553,27.85,74,40,4.12,scattered clouds
645,Darya Khan,PK,31.7912,71.1039,14.99,33,100,1.75,light rain
646,Espanola,US,35.9911,-106.0806,13.44,26,4,3.11,clear sky
647,Alice Springs,AU,-23.7,133.8833,22.75,83,40,7.72,scattered clouds
648,Mokrous,RU,51.2333,47.5167,-14.6,98,45,3.44,scattered clouds
649,Varhaug,NO,58.6147,5.6457,4.75,97,100,11.1,moderate rain
650,Vyshhorod,UA,50.5848,30.4898,-2.59,78,57,4.8,broken clouds
651,Pauri,IN,30.15,78.7833,5.75,47,96,1.86,overcast clouds
652,Tiznit,MA,29.5833,-9.5,11.94,33,35,3.2,scattered clouds
653,Ust-Nera,RU,64.5667,143.2,-36.99,91,16,0.48,few clouds
654,Puerto Baquerizo Moreno,EC,-0.9,-89.6,25.55,78,20,8.75,few clouds
655,Kayasula,RU,44.325,45.0,-1.86,80,37,4.05,scattered clouds
656,Salinopolis,BR,-0.6136,-47.3561,25.52,87,96,3.86,light rain
657,Elizabeth City,US,36.2946,-76.2511,12.78,96,100,1.34,heavy intensity rain
658,Floro,NO,61.5996,5.0328,1.98,64,40,13.38,light rain
659,Casper,US,42.8666,-106.3131,6.33,31,0,0.0,clear sky
660,Dalby,AU,-27.1833,151.2667,29.99,52,35,0.89,scattered clouds
661,Kerema,PG,-7.9631,145.7785,27.47,77,97,1.88,overcast clouds
662,Klaksvik,FO,62.2266,-6.589,2.51,89,100,5.22,overcast clouds
663,Verkhnyaya Inta,RU,65.9811,60.3094,-23.46,100,98,1.38,overcast clouds
664,Camabatela,AO,-8.1881,15.375,15.13,98,81,1.53,broken clouds
665,Igbo Ora,NG,7.4333,3.2833,25.06,59,100,1.2,overcast clouds
666,Bodden Town,KY,19.2833,-81.25,28.0,78,75,3.58,broken clouds
667,Shetpe,KZ,44.1667,52.1167,-1.79,81,30,3.38,scattered clouds
668,Tsumeb,NA,-19.2333,17.7167,19.75,60,97,5.21,light rain
669,Nikolsk,RU,53.7189,46.0712,-13.82,99,100,3.19,overcast clouds
670,Istanbul,TR,41.0351,28.9833,2.26,74,0,1.54,clear sky
671,Kropotkin,RU,45.4375,40.5756,-2.59,92,67,3.97,broken clouds
672,Dharchula,IN,29.85,80.5333,8.23,37,50,3.53,scattered clouds
673,Tomatlan,MX,19.9333,-105.25,27.42,62,98,3.56,overcast clouds
674,Blairmore,CA,49.6,-114.4353,4.93,52,94,8.23,overcast clouds
675,Aasiaat,GL,68.7098,-52.8699,-18.12,91,97,1.72,overcast clouds
676,Isla Mujeres,MX,21.2311,-86.731,21.03,62,95,8.21,overcast clouds
677,Gornyy,RU,55.1153,83.9059,1.27,95,100,6.73,overcast clouds
678,Tromso,NO,69.6496,18.957,-3.99,68,40,4.12,light snow
679,Kentau,KZ,43.5206,68.5094,3.62,83,100,1.13,overcast clouds
680,Eyl,SO,7.9803,49.8164,23.51,73,92,6.11,overcast clouds
681,Plettenberg Bay,ZA,-34.0527,23.3716,20.06,83,24,1.07,few clouds
682,Talara,PE,-4.5772,-81.2719,25.42,69,40,6.06,scattered clouds
683,Batagay-Alyta,RU,67.8006,130.4114,-34.89,85,34,1.63,scattered clouds
684,Lichinga,MZ,-13.3128,35.2406,19.05,94,75,1.03,broken clouds
685,Bria,CF,6.5423,21.9863,22.87,26,87,0.53,overcast clouds
